label,abil,abirateron,abirateron acet,accord,accur,accuraci,ace,acei,acet,acquir,acquir resist,across,acta,action,activ
prostate_cancer,0.0,0.0,0.0,0.045716953274247046,0.0,0.0,0.38029441556367705,0.10214530286440955,0.0,0.0,0.0,0.0,0.0,0.0,0.0
breast_cancer,0.0,0.0,0.0,0.0,0.03436520621580295,0.0,0.0,0.0,0.0,0.0,0.0,0.0,0.0,0.0,0.0
prostate_cancer,0.0,0.0,0.0,0.0,0.0,0.0,0.0,0.0,0.0,0.0,0.0,0.0,0.0,0.0,0.0
prostate_cancer,0.0,0.15675701058627756,0.1758993054675939,0.0,0.0,0.0,0.0,0.0,0.1582699512802725,0.0,0.0,0.0,0.0,0.0,0.0
breast_cancer,0.03847169638800769,0.0,0.0,0.0,0.0,0.0,0.0,0.0,0.0,0.04380800181037027,0.054664240870611634,0.0,0.0,0.04275991646872722,0.0
prostate_cancer,0.04663339963314752,0.3136815598767399,0.0,0.0,0.0,0.0,0.0,0.0,0.0,0.0,0.0,0.0505866267011915,0.0,0.0,0.0
breast_cancer,0.0,0.0,0.0,0.0,0.0,0.0,0.0,0.0,0.0,0.0,0.0,0.0,0.07264205984540835,0.0,0.03618064121549971
prostate_cancer,0.0,0.0,0.0,0.034656357723639994,0.0,0.0,0.0,0.0,0.0,0.0,0.0,0.040328815327496534,0.0,0.0,0.0
breast_cancer,0.0,0.0,0.0,0.0,0.0,0.0,0.0,0.0,0.0,0.0,0.0,0.0,0.0546855710843663,0.0,0.10894839883553911
prostate_cancer,0.0,0.0,0.0,0.0,0.0,0.028659381651174973,0.0,0.0,0.0,0.0,0.0,0.0,0.0,0.0,0.0
